option,count,pct,source_column
根据预算、口味、距离、评分等推荐餐厅,58,55.8,如果有一个 AI 本地生活管家，你最希望它帮你做什么？-B. 根据预算、口味、距离、评分等推荐餐厅
想不到吃什么/玩什么时，帮我找灵感,55,52.9,如果有一个 AI 本地生活管家，你最希望它帮你做什么？-A. 想不到吃什么/玩什么时，帮我找灵感
帮我规划周末活动 / 短途游 / citywalk,50,48.1,如果有一个 AI 本地生活管家，你最希望它帮你做什么？-C. 帮我规划周末活动 / 短途游 / citywalk
帮我和朋友协调约饭 / 聚会地点，根据多人偏好提供建议,43,41.3,如果有一个 AI 本地生活管家，你最希望它帮你做什么？-D. 帮我和朋友协调约饭 / 聚会地点，根据多人偏好提供建议
帮我留意限时优惠 / 抢购 / 演出预约,33,31.7,如果有一个 AI 本地生活管家，你最希望它帮你做什么？-G. 帮我留意限时优惠 / 抢购 / 演出预约
根据天气、时间等实时调整我已经定好的方案,23,22.1,如果有一个 AI 本地生活管家，你最希望它帮你做什么？-F. 根据天气、时间等实时调整我已经定好的方案
突发情况帮我兜底，例如找 24h 药店、医院、维修等,23,22.1,如果有一个 AI 本地生活管家，你最希望它帮你做什么？-E. 突发情况帮我兜底，例如找 24h 药店、医院、维修等
"主动提醒我""该吃饭了""""该出门了""""该订酒店了""等",4,3.8,"如果有一个 AI 本地生活管家，你最希望它帮你做什么？-H. 主动提醒我""该吃饭了""""该出门了""""该订酒店了""等"
其他：,0,0.0,如果有一个 AI 本地生活管家，你最希望它帮你做什么？-I. 其他：______
